dia - direita;mês - direita;dia-esquerda;mês - esquerda;;
01;Janeiro;02;Janeiro;;
03;Janeiro;04;Janeiro;;
05;Janeiro;06;Janeiro;;
07;Janeiro;08;Janeiro;;
09;Janeiro;10;Janeiro;;
11;Janeiro;12;Janeiro;;
13;Janeiro;14;Janeiro;;
15;Janeiro;16;Janeiro;;
17;Janeiro;18;Janeiro;;
19;Janeiro;20;Janeiro;;
21;Janeiro;22;Janeiro;;
23;Janeiro;24;Janeiro;;
25;Janeiro;26;Janeiro;;
27;Janeiro;28;Janeiro;;
29;Janeiro;30;Janeiro;;
31;Janeiro;01;Fevereiro;;
02;Fevereiro;03;Fevereiro;;
04;Fevereiro;05;Fevereiro;;
06;Fevereiro;07;Fevereiro;;
08;Fevereiro;09;Fevereiro;;
10;Fevereiro;11;Fevereiro;;
12;Fevereiro;13;Fevereiro;;
14;Fevereiro;15;Fevereiro;;
16;Fevereiro;17;Fevereiro;;
18;Fevereiro;19;Fevereiro;;
20;Fevereiro;21;Fevereiro;;
22;Fevereiro;23;Fevereiro;;
24;Fevereiro;25;Fevereiro;;
26;Fevereiro;27;Fevereiro;;
28;Fevereiro;29;Fevereiro;;
01;Março;02;Março;;
03;Março;04;Março;;
05;Março;06;Março;;
07;Março;08;Março;;
09;Março;10;Março;;
11;Março;12;Março;;
13;Março;14;Março;;
15;Março;16;Março;;
17;Março;18;Março;;
19;Março;20;Março;;
21;Março;22;Março;;
23;Março;24;Março;;
25;Março;26;Março;;
27;Março;28;Março;;
29;Março;30;Março;;
31;Março;01;Abril;;
02;Abril;03;Abril;;
04;Abril;05;Abril;;
06;Abril;07;Abril;;
08;Abril;09;Abril;;
10;Abril;11;Abril;;
12;Abril;13;Abril;;
14;Abril;15;Abril;;
16;Abril;17;Abril;;
18;Abril;19;Abril;;
20;Abril;21;Abril;;
22;Abril;23;Abril;;
24;Abril;25;Abril;;
26;Abril;27;Abril;;
28;Abril;29;Abril;;
30;Abril;01;Maio;;
02;Maio;03;Maio;;
04;Maio;05;Maio;;
06;Maio;07;Maio;;
08;Maio;09;Maio;;
10;Maio;11;Maio;;
12;Maio;13;Maio;;
14;Maio;15;Maio;;
16;Maio;17;Maio;;
18;Maio;19;Maio;;
20;Maio;21;Maio;;
22;Maio;23;Maio;;
24;Maio;25;Maio;;
26;Maio;27;Maio;;
28;Maio;29;Maio;;
30;Maio;31;Maio;;
01;Junho;02;Junho;;
03;Junho;04;Junho;;
05;Junho;06;Junho;;
07;Junho;08;Junho;;
09;Junho;10;Junho;;
11;Junho;12;Junho;;
13;Junho;14;Junho;;
15;Junho;16;Junho;;
17;Junho;18;Junho;;
19;Junho;20;Junho;;
21;Junho;22;Junho;;
23;Junho;24;Junho;;
25;Junho;26;Junho;;
27;Junho;28;Junho;;
29;Junho;30;Junho;;
01;Julho;02;Julho;;
03;Julho;04;Julho;;
05;Julho;06;Julho;;
07;Julho;08;Julho;;
09;Julho;10;Julho;;
11;Julho;12;Julho;;
13;Julho;14;Julho;;
15;Julho;16;Julho;;
17;Julho;18;Julho;;
19;Julho;20;Julho;;
21;Julho;22;Julho;;
23;Julho;24;Julho;;
25;Julho;26;Julho;;
27;Julho;28;Julho;;
29;Julho;30;Julho;;
31;Julho;01;Agosto;;
02;Agosto;03;Agosto;;
04;Agosto;05;Agosto;;
06;Agosto;07;Agosto;;
08;Agosto;09;Agosto;;
10;Agosto;11;Agosto;;
12;Agosto;13;Agosto;;
14;Agosto;15;Agosto;;
16;Agosto;17;Agosto;;
18;Agosto;19;Agosto;;
20;Agosto;21;Agosto;;
22;Agosto;23;Agosto;;
24;Agosto;25;Agosto;;
26;Agosto;27;Agosto;;
28;Agosto;29;Agosto;;
30;Agosto;31;Agosto;;
01;Setembro;02;Setembro;;
03;Setembro;04;Setembro;;
05;Setembro;06;Setembro;;
07;Setembro;08;Setembro;;
09;Setembro;10;Setembro;;
11;Setembro;12;Setembro;;
13;Setembro;14;Setembro;;
15;Setembro;16;Setembro;;
17;Setembro;18;Setembro;;
19;Setembro;20;Setembro;;
21;Setembro;22;Setembro;;
23;Setembro;24;Setembro;;
25;Setembro;26;Setembro;;
27;Setembro;28;Setembro;;
29;Setembro;30;Setembro;;
01;Outubro;02;Outubro;;
03;Outubro;04;Outubro;;
05;Outubro;06;Outubro;;
07;Outubro;08;Outubro;;
09;Outubro;10;Outubro;;
11;Outubro;12;Outubro;;
13;Outubro;14;Outubro;;
15;Outubro;16;Outubro;;
17;Outubro;18;Outubro;;
19;Outubro;20;Outubro;;
21;Outubro;22;Outubro;;
23;Outubro;24;Outubro;;
25;Outubro;26;Outubro;;
27;Outubro;28;Outubro;;
29;Outubro;30;Outubro;;
01;Novembro;02;Novembro;;
03;Novembro;04;Novembro;;
05;Novembro;06;Novembro;;
07;Novembro;08;Novembro;;
09;Novembro;10;Novembro;;
11;Novembro;12;Novembro;;
13;Novembro;14;Novembro;;
15;Novembro;16;Novembro;;
17;Novembro;18;Novembro;;
19;Novembro;20;Novembro;;
21;Novembro;22;Novembro;;
23;Novembro;24;Novembro;;
25;Novembro;26;Novembro;;
27;Novembro;28;Novembro;;
29;Novembro;30;Novembro;;
01;Dezembro;02;Dezembro;;
03;Dezembro;04;Dezembro;;
05;Dezembro;06;Dezembro;;
07;Dezembro;08;Dezembro;;
09;Dezembro;10;Dezembro;;
11;Dezembro;12;Dezembro;;
13;Dezembro;14;Dezembro;;
15;Dezembro;16;Dezembro;;
17;Dezembro;18;Dezembro;;
19;Dezembro;20;Dezembro;;
21;Dezembro;22;Dezembro;;
23;Dezembro;24;Dezembro;;
25;Dezembro;26;Dezembro;;
27;Dezembro;28;Dezembro;;
29;Dezembro;30;Dezembro;;
31;Dezembro;;;;
